카테고리,뉴스제목
국제,"美·英·濠 오커스 3국 ""극초음속 미사일 개발 협력 시작할 것"""
국제,"유엔 ""러 침공 41일째 민간인 최소 1480명 사망"""
사회,"판례로만 인정됐던 '인격권' 민법에 명문화..법무부, 입법예고"
국제,"中 ""우크라 부차 소식 참혹하지만 모든 비난은 사실에 근거해야"""
국제,"유엔 총장 ""우크라 전쟁, 국제 질서에 최대 도전..당장 멈춰야"""
국제,"체코, 우크라에 T-72 탱크 보내..정비도 지원 검토[우크라 침공]"
정치,한덕수 청문회..불씨 떠오른 '고액 고문료'[나이트포커스]
사회,침대 매트리스도 '짝퉁'..겉은 비슷해도 속은 엉망
국제,"러 유엔대사 ""기대만큼 전진 못한 건 민간인 공격 피했기 때문""..전쟁범죄 부인"
정치,"54년 만에 북악산 전면 개방..文 대통령 ""가장 특별한 둘레길"""
국제,"프란치스코 교황, 최악 경제난 레바논 6월에 방문"
사회,"""뼈 깎는 노력은 반드시 실패"" 대치동 1타강사의 고백, 왜"
사회,"제주 투자병원 내국인 진료 가능해졌다..정부 ""다른 지역 확대 안한다"""
사회,"인천>서울, 전남>경기.. 단골 1등 잡은 '언더독의 반란'"
국제,"나토 총장 ""우크라 위기, 전세계 영향..한국 등 협력 기대"""
국제,"美합참의장 ""中, 2027년까지 '대만 장악' 군사 역량 개발"""
경제,유통업계 주총 결산..'신사업·온라인' 내건 오프라인 유통 공룡들 [한경 엣지]
경제,해외로 피신한 투자자 '울상'..3조 삼킨 해외펀드 '뚝뚝'
국제,"젤렌스키 ""러, 상임이사국으로서 거부권 갖는 안보리 개혁해야"""
정치,"'이재명 저격수' 김정화, 尹 인수위 상임자문위원 위촉..중도 확장 박차"
